customer_state,orders,revenue
SP,41746,5921678.12
RJ,12852,2129681.98
MG,11635,1856161.49
RS,5466,885826.76
PR,5045,800935.44
SC,3637,610213.6
BA,3380,611506.67
DF,2140,353229.44
ES,2033,324801.91
GO,2020,347706.93
PE,1652,322237.69
CE,1336,275606.3
PA,975,217647.11
MT,907,186168.96
MA,747,151171.99
MS,715,135956.67
PB,536,140987.81
PI,495,108132.28
RN,485,101895.08
AL,413,96229.4
SE,350,73032.32
TO,280,61354.42
RO,253,57558.020000000004
AM,148,27835.73
AC,81,19669.7
AP,68,16262.8
RR,46,10064.619999999999
